fc,beta,c,k0,l,k1,k2,kp,lp,k_routing,x_routing
200.0,7.0,0.07,0.05759935476326072,5.0,0.1,0.05,0.01,0.3,4.039859590418269,0.1431518652420688
